{"train/loss": 1.0261, "train/learning_rate": 2.5454545454545456e-06, "train/epoch": 0.01, "train/global_step": 7, "_timestamp": 1706723797.9366984, "_runtime": 204.92227339744568, "_step": 6}