{"train/loss": 1.0404, "train/learning_rate": 1.6949152542372882e-06, "train/epoch": 0.01, "train/global_step": 5, "_timestamp": 1706723312.7217925, "_runtime": 159.40248155593872, "_step": 4, "_wandb": {"runtime": 157}}